{"properties": [
  {
    "name": "iot.hub.connection.string",
    "type": "java.lang.String",
    "description": "A description for 'iot.hub.connection.string'"
  },
  {
    "name": "storage.connection.string",
    "type": "java.lang.String",
    "description": "A description for 'storage.connection.string'"
  },
  {
    "name": "service.bus.sas.key.name",
    "type": "java.lang.String",
    "description": "A description for 'service.bus.sas.key.name'"
  },
  {
    "name": "service.bus.namespace",
    "type": "java.lang.String",
    "description": "A description for 'service.bus.namespace'"
  },
  {
    "name": "service.bus.root.uri",
    "type": "java.lang.String",
    "description": "A description for 'service.bus.root.uri'"
  },
  {
    "name": "opeinstruct.script.dir",
    "type": "java.lang.String",
    "description": "A description for 'opeinstruct.script.dir'"
  },
  {
    "name": "service.bus.sas.key",
    "type": "java.lang.String",
    "description": "A description for 'service.bus.sas.key'"
  }
]}